Date,Open,High,Low,Close,Volume
08/02/12,30.46,30.83,30.25,30.58,2639980
08/01/12,31.05,31.17,30.64,30.69,2738740
07/31/12,30.99,31.27,30.84,30.88,2662853
07/30/12,31.89,31.95,30.92,31.01,4261193
07/27/12,31.26,32,31.17,31.9,3312890
07/26/12,30.85,31.41,30.49,30.94,3644222
07/25/12,30.06,30.52,29.98,30.33,3003612
07/24/12,30.67,30.75,29.81,30.02,2866346
07/23/12,30.81,30.82,30.23,30.64,2689717
07/20/12,31.93,32.05,31.35,31.38,4063476
07/19/12,31.51,32.11,31.41,31.88,3645657
07/18/12,30.65,31.57,30.55,31.43,3124336
07/17/12,30.71,30.71,29.98,30.65,3313913
07/16/12,30.65,30.65,30.24,30.4,1879587
07/13/12,30.18,30.78,30.06,30.65,2718954
07/12/12,30.11,30.31,29.52,30.14,4716788
07/11/12,30.51,30.51,29.97,30.2,2611675
07/10/12,30.7,30.88,30.21,30.44,4084634
07/09/12,31.29,31.53,30.4,30.43,5342899
07/06/12,32.2,32.48,31.22,31.37,5272691
07/05/12,32.22,32.68,32.19,32.53,2972908
07/03/12,32.01,32.51,32.01,32.51,2107779
07/02/12,31.86,32.25,31.86,32.19,3895762
06/29/12,31.74,32.37,31.68,32.37,4450989
06/28/12,31.26,31.37,30.75,31.17,2887784
06/27/12,31.28,31.55,31.1,31.41,1960213
06/26/12,30.9,31.2,30.71,31.07,2208517
06/25/12,31.26,31.36,30.8,30.84,2595363
06/22/12,31.4,31.74,31.19,31.56,7841669
06/21/12,31.82,31.94,31.13,31.23,7167084
06/20/12,30.68,32.49,30.38,31.99,18926332
06/19/12,32.84,33.19,32.67,32.89,6721221
06/18/12,32.27,32.68,32.08,32.63,4579476
06/15/12,31.75,32.42,31.44,32.39,5442520
06/14/12,31.35,31.84,31.13,31.67,6732612
06/13/12,31.65,32.09,31.54,31.79,4140986
06/12/12,31.34,31.78,31.2,31.77,3305687
06/11/12,31.9,31.95,31.09,31.13,3811369
06/08/12,31.25,31.69,31.2,31.65,3095812
06/07/12,32.06,32.12,31.24,31.32,4293092
06/06/12,30.91,31.72,30.67,31.69,3092778
06/05/12,30.19,30.74,30.19,30.7,2263736
06/04/12,29.88,30.62,29.88,30.31,3668012
06/01/12,30.37,30.62,29.81,29.82,4361935
05/31/12,31.34,31.38,30.76,31.05,4737704
05/30/12,31.83,31.83,31.13,31.29,3426302
05/29/12,31.88,32.26,31.61,32.05,3171103
05/25/12,31.64,31.9,31.5,31.6,2000287
05/24/12,32.17,32.17,31.36,31.54,4116420
05/23/12,31.7,32.21,31.46,32.18,4305720
05/22/12,31.97,32.25,31.63,32.01,3476674
05/21/12,31.45,32.07,30.94,32.01,3419928
05/18/12,32.1,32.1,31.29,31.31,4238146
05/17/12,32.38,32.62,32.01,32.01,4762610
05/16/12,32.44,32.74,32.19,32.36,4373715
05/15/12,32.23,32.85,32.13,32.33,2540230
05/14/12,31.81,32.52,31.67,32.23,3133372
05/11/12,31.9,32.46,31.7,32.2,3183432
05/10/12,32.73,32.82,31.64,31.92,4811450
05/09/12,32.29,32.72,31.82,32.52,4057257
05/08/12,32.29,32.75,31.88,32.67,3592038
05/07/12,32.48,32.9,32.33,32.52,3323002
05/04/12,32.99,33.21,32.5,32.61,2991745
05/03/12,33.77,33.94,33.24,33.32,2670230
05/02/12,33.63,33.88,33.27,33.76,1612232
05/01/12,33.59,34.09,33.47,33.77,2578672
04/30/12,33.46,33.62,33.4,33.55,2678859
04/27/12,33.38,33.79,33.21,33.58,3274639
04/26/12,32.99,33.32,32.92,33.26,2999448
04/25/12,32.64,33.27,32.46,33.13,3742041
04/24/12,32.66,32.83,32.23,32.4,4756941
04/23/12,32.84,32.84,32.32,32.62,3580696
04/20/12,32.92,33.74,32.69,33.06,3970510
04/19/12,33.2,33.7,32.69,32.9,3452876
04/18/12,33.58,33.63,33.25,33.39,2368983
04/17/12,33.13,33.98,32.93,33.84,4049866
04/16/12,33.22,33.37,32.69,32.84,3281238
04/13/12,33.4,33.61,33.16,33.18,2784683
04/12/12,33.02,33.65,32.87,33.55,3053934
04/11/12,32.97,33.1,32.63,33,3586477
04/10/12,33.15,33.43,32.53,32.61,5460173
04/09/12,33.02,33.36,32.77,33.22,3478226
04/05/12,33.17,33.62,33.14,33.59,3987645
04/04/12,33.98,34.03,33.36,33.46,4357774
04/03/12,34.52,34.61,33.99,34.31,2879428
04/02/12,34.14,34.78,33.8,34.7,4111186
03/30/12,34.69,34.69,34.24,34.31,5232447
03/29/12,34.32,34.55,34.16,34.48,2458970
03/28/12,34.52,34.75,34.28,34.46,4223094
03/27/12,34.33,34.7,34.28,34.63,4376061
03/26/12,33.99,34.42,33.93,34.4,4668379
03/23/12,33.71,33.84,33.5,33.82,3253192
03/22/12,33.31,33.8,33.22,33.71,5121667
03/21/12,33.1,33.83,33.1,33.56,5680558
03/20/12,33.38,33.94,32.88,33.16,16394904
03/19/12,34.08,34.55,33.56,34.51,6819227
03/16/12,34.06,34.15,33.66,33.82,5097067
03/15/12,33.86,34.2,33.63,34.17,3685793
03/14/12,34.24,34.24,33.66,33.77,3607966
03/13/12,33.79,34.22,33.42,34.22,3431523
03/12/12,33.5,33.85,33.27,33.56,2487992
03/09/12,33.19,33.65,33.08,33.64,2910606
03/08/12,32.68,33.15,32.67,33.05,3198628
03/07/12,32.13,32.56,31.96,32.41,3326388
03/06/12,32.8,33.1,31.9,31.99,7675197
03/05/12,33.56,33.61,33.04,33.22,3307708
03/02/12,33,33.82,32.91,33.73,4979510
03/01/12,32.86,33.29,32.77,33.1,2902572
02/29/12,33.21,33.44,32.86,32.89,4103047
02/28/12,33.36,33.44,32.98,33.27,4147901
02/27/12,33.18,33.5,33.09,33.27,3204314
02/24/12,32.91,33.5,32.86,33.41,3481120
02/23/12,32.21,33.01,32.1,32.97,3119177
02/22/12,32.45,32.89,32.24,32.33,3389633
02/21/12,32.74,33.06,32.47,32.54,3655353
02/17/12,32.96,33.05,32.75,32.75,3686306
02/16/12,32.45,32.91,32.45,32.86,3085652
02/15/12,32.49,32.65,32.35,32.46,3311407
02/14/12,32.2,32.44,32.06,32.44,4953166
02/13/12,32.42,32.65,32,32.35,3260751
02/10/12,32.28,32.46,32.05,32.21,2819786
02/09/12,32.09,32.69,32.09,32.65,4711932
02/08/12,32.2,32.39,31.93,32.1,3607644
02/07/12,31.74,32.4,31.7,32.28,3404184
02/06/12,31.61,32.35,31.52,31.86,4536270
02/03/12,31.7,32.17,31.6,31.85,4588169
02/02/12,31.24,31.68,31.21,31.28,3803890
02/01/12,31.2,31.5,31.09,31.24,4654319
01/31/12,31.18,31.25,30.85,30.95,3753578
01/30/12,30.69,31.12,30.55,31,5185002
01/27/12,30.47,31.21,30.31,31.05,4290987
01/26/12,31.15,31.77,31,31.18,4287745
01/25/12,30.59,31.4,30.51,31.34,5459799
01/24/12,30.17,31,30.08,30.95,4715772
01/23/12,30.33,30.78,29.98,30.23,5378123
01/20/12,30.28,30.55,30.18,30.5,4091197
01/19/12,29.91,30.28,29.88,30.24,4303087
01/18/12,29.27,29.89,29.22,29.89,4553641
01/17/12,29.17,29.48,28.99,29.35,2903464
01/13/12,29.11,29.18,28.45,28.97,2903842
01/12/12,29.43,29.47,28.83,29.23,3704269
01/11/12,29.16,29.39,28.96,29.32,3306215
01/10/12,28.61,29.35,28.61,29.2,4442612
01/09/12,28.76,28.83,28.44,28.53,3514615
01/06/12,28.37,28.79,28.14,28.72,5781664
01/05/12,28.07,28.62,28.05,28.48,2999469
01/04/12,28.5,28.59,28.04,28.28,3852364
01/03/12,28.7,29.01,28.51,28.57,4495006
12/30/11,28.26,28.64,28.26,28.27,3471880
12/29/11,28.02,28.45,27.98,28.31,2579743
12/28/11,28.45,28.58,27.93,28.02,2500460
12/27/11,28.25,28.76,28.16,28.5,3246412
12/23/11,28.04,28.3,27.95,28.29,3131870
12/22/11,28.05,28.25,27.7,27.88,5299627
12/21/11,28.29,28.38,27.4,27.97,7383597
12/20/11,27.95,28.49,27.86,28.44,4505769
12/19/11,28.06,28.29,27.4,27.5,6635703
12/16/11,27.73,28.93,27.62,28.2,14465418
12/15/11,26.8,27.01,26.39,26.46,5826837
12/14/11,26.8,27.15,26.25,26.52,7277856
12/13/11,27.55,27.7,26.89,26.99,8728758
12/12/11,27.73,27.8,27.1,27.39,4825013
12/09/11,27.35,28.15,27.3,28.04,4227330
12/08/11,27.74,28.11,27.32,27.38,4742229
12/07/11,27.87,27.99,27.16,27.86,5501014
12/06/11,28.01,28.18,27.84,27.96,4075370
12/05/11,27.43,28.07,27.25,27.91,4979864
12/02/11,27.35,27.45,27.01,27.11,3752516
12/01/11,26.93,27.45,26.9,27.14,4908115
11/30/11,26.8,27.43,26.61,27.42,6276086
11/29/11,26.69,26.69,25.94,26.07,8098610
11/28/11,26.49,26.88,26.41,26.62,5923233
11/25/11,25.72,26.06,25.72,25.83,2946684
11/23/11,26.05,26.16,25.8,25.94,5496075
11/22/11,26.47,26.65,26.2,26.33,5008007
11/21/11,26.85,26.86,26.33,26.63,6730550
11/18/11,27.72,27.76,27.13,27.18,6119848
11/17/11,28.48,28.55,27.48,27.69,6939545
11/16/11,28.24,29.07,28,28.54,6320239
11/15/11,28.13,28.59,28.11,28.47,5688814
11/14/11,28.35,28.74,28.16,28.24,4715456
11/11/11,28.17,28.79,28.02,28.43,8354638
11/10/11,28.22,28.28,27.62,28.03,8969430
11/09/11,27.49,28.48,26.13,28.08,27278110
11/08/11,30.16,30.68,30.04,30.42,6593881
11/07/11,29.67,29.99,29.04,29.92,4303490
11/04/11,29.97,30.07,29.61,29.79,6212165
11/03/11,29.63,30.22,29.49,30.16,5568738
11/02/11,28.88,29.67,28.83,29.35,9150281
11/01/11,28.52,28.85,28.13,28.59,12232173
10/31/11,28.48,29.72,28.45,29.41,12805863
10/28/11,28.15,29.06,28.08,29.02,4545631
10/27/11,28.51,28.68,28.14,28.34,7891453
10/26/11,28.09,28.15,27.25,27.81,6735144
10/25/11,28.05,28.28,27.77,27.85,6457013
10/24/11,27.31,28.23,27.24,28.2,6770676
10/21/11,26.39,27.41,26.36,27.3,7311573
10/20/11,26.03,26.2,25.5,26.08,8007103
10/19/11,26.57,26.75,25.91,26.02,3908367
10/18/11,26.3,26.99,25.86,26.76,9990451
10/17/11,26.99,27.06,26.11,26.24,5372932
10/14/11,27.12,27.64,26.37,26.81,18683819
10/13/11,25.8,25.89,25.39,25.8,4516773
10/12/11,26.09,26.28,25.8,25.88,4819032
10/11/11,25.73,26.07,25.53,25.84,4367035
10/10/11,25.74,26.08,25.45,25.76,4036137
10/07/11,25.42,25.68,25.03,25.28,4105411
10/06/11,24.6,25.34,24.49,25.33,3846284
10/05/11,24.07,24.8,23.74,24.68,5511187
10/04/11,22.97,24.07,22.89,24.04,7106328
10/03/11,23.9,24.22,23.24,23.26,7995178
09/30/11,24.6,24.7,24.14,24.17,6563626
09/29/11,25.6,25.83,24.45,24.99,6030072
09/28/11,25.62,25.8,25.04,25.11,4783830
09/27/11,25.54,26.14,25.36,25.56,5871417
09/26/11,24.99,25.17,24.31,25.13,5245147
09/23/11,24.16,25,23.97,24.88,5681639
09/22/11,23.99,24.4,23.87,24.31,11129988
09/21/11,25.95,26.3,24.88,24.89,15700830
09/20/11,25.4,25.4,24.53,24.64,11626724
09/19/11,25.22,25.51,24.84,25.27,7671212
09/16/11,25.81,25.85,25.25,25.52,13048212
09/15/11,26.03,26.18,25.69,26.12,5478560
09/14/11,25.36,26.1,24.99,25.76,5069224
09/13/11,25.25,25.44,24.86,25.18,7253967
09/12/11,24.32,25.23,24.24,25.2,6505467
09/09/11,24.73,25.1,24.42,24.64,6805528
09/08/11,25.23,25.25,24.86,24.99,5994233
09/07/11,24.1,25.34,24.02,25.3,7951410
09/06/11,23.46,23.81,23.2,23.74,5579687
09/02/11,24.29,24.32,23.77,24.15,6477021
09/01/11,25.35,25.43,24.69,24.77,4679332
08/31/11,25.35,25.87,25.04,25.24,5257217
08/30/11,25.2,25.39,24.9,25.19,5029880
08/29/11,24.96,25.58,24.84,25.52,3895925
08/26/11,23.82,24.75,23.55,24.54,4268887
08/25/11,24.29,24.46,23.75,23.86,6834412
08/24/11,23.74,24.14,23.45,24.1,5972542
08/23/11,23.3,23.78,23.18,23.78,6317739
08/22/11,23.19,23.36,22.84,23.17,6028377
08/19/11,23.05,23.68,22.67,22.69,7304416
08/18/11,23.8,23.85,23,23.28,10522674
08/17/11,24.57,25.15,24.3,24.56,5754621
08/16/11,24.33,24.76,24.22,24.63,7405879
08/15/11,24.16,24.65,24.15,24.65,4264447
08/12/11,23.86,24.27,23.78,24.1,7305092
08/11/11,22.98,24.33,22.67,24,14533343
08/10/11,24.25,24.37,22.75,22.8,14534983
08/09/11,24.09,24.85,23.2,24.81,12034635
08/08/11,24.77,25.21,23.91,23.91,11923513
08/05/11,26.4,26.5,25.16,25.62,14940528
08/04/11,26.91,27.12,26.12,26.15,11350419
08/03/11,27.01,27.4,26.56,27.37,4832086
08/02/11,27.51,27.27,26.56,27.01,6079931
08/01/11,27.95,28.04,27.23,27.67,6797985
07/29/11,28,28.15,27.63,27.71,8024106
07/28/11,28.43,28.66,28,28.02,9289475
07/27/11,29.46,29.48,28.46,28.5,6108293
07/26/11,29.67,29.85,29.35,29.63,2910676
07/25/11,29.56,29.83,29.32,29.65,3673049
07/22/11,29.69,29.85,29.1,29.72,5349553
07/21/11,29.22,30.03,29.17,29.56,6380691
07/20/11,29.4,29.45,29.03,29.16,3747645
07/19/11,29.02,29.63,28.93,29.4,4944206
07/18/11,29.18,29.18,28.34,28.77,5789704
07/15/11,29.43,29.57,29.02,29.29,5233013
07/14/11,30.12,30.22,29.25,29.35,7159550
07/13/11,30.52,30.76,29.97,30.07,5277373
07/12/11,30.8,30.8,30.23,30.35,5665227
07/11/11,31.18,31.33,30.76,30.98,3725383
07/08/11,31.8,32,31.12,31.54,4917549
07/07/11,31.85,32.35,31.76,32.07,4937970
07/06/11,31.52,31.79,31.45,31.65,2873105
07/05/11,31.42,31.6,31.24,31.52,3513365
07/01/11,31.33,31.65,31.24,31.53,4218336
06/30/11,31.21,31.6,31.05,31.45,5519674
06/29/11,30.95,31.26,30.88,31.15,5023514
06/28/11,31.03,31.03,30.71,30.79,5469511
06/27/11,29.84,31.13,29.82,30.89,7080318
06/24/11,30.27,30.34,29.73,29.97,8299047
06/23/11,29.67,30.48,29.63,30.44,8867906
06/22/11,30.3,30.77,29.78,30.01,22457310
06/21/11,31.2,32.03,31.15,32.01,9031853
06/20/11,30.27,31.09,30.26,30.95,8884569
06/17/11,31.33,31.33,30.44,30.47,10549165
06/16/11,31.09,31.24,30.43,30.8,5988122
06/15/11,31.74,31.81,31.07,31.13,5132491
06/14/11,31.95,32.52,31.8,32.09,4764225
06/13/11,31.67,31.93,31.58,31.66,3756295
06/10/11,32.23,32.23,31.58,31.67,5023154
06/09/11,32.35,32.48,32.05,32.22,3550573
06/08/11,32.87,33.01,32.2,32.24,4481286
06/07/11,33,33.31,32.67,33.01,4301760
06/06/11,33.17,33.41,32.82,32.84,3075315
06/03/11,33.8,33.93,33.26,33.27,3929928
06/02/11,34.07,34.28,33.72,34.26,6011963
06/01/11,34.53,34.82,34.11,34.12,3569321
05/31/11,34.61,34.84,34.41,34.63,3937919
05/27/11,34.46,34.56,34.08,34.29,4040040
05/26/11,34.07,34.63,33.96,34.54,2789363
05/25/11,34.1,34.37,33.94,34.13,2961249
05/24/11,34.56,34.69,33.99,34.14,2807006
05/23/11,34.72,34.81,34.17,34.43,3605250
05/20/11,35.46,35.67,35.21,35.31,3246673
05/19/11,34.98,35.51,34.87,35.41,4252887
05/18/11,34.6,34.95,34.43,34.87,2209768
05/17/11,34.39,34.97,34.21,34.72,5348833
05/16/11,35.13,35.36,34.34,34.39,3879424
05/13/11,35.75,35.85,35.21,35.33,4072210
05/12/11,35.32,35.89,35.18,35.86,6054539
05/11/11,35,35.99,34.92,35.4,8718222
05/10/11,34.1,34.86,34.01,34.75,4194144
05/09/11,33.34,34.25,33.24,33.97,5395059
05/06/11,33.32,33.88,33.09,33.4,4903024
05/05/11,33.12,33.39,32.75,32.94,3472277
05/04/11,33.41,33.58,33,33.22,3903294
05/03/11,33.46,33.7,33.1,33.49,2976529
05/02/11,33.68,33.95,33.46,33.55,3500781
04/29/11,34.05,34.12,33.48,33.55,5228681
04/28/11,33.64,34.14,33.64,34.02,3321727
04/27/11,33.14,33.69,33.07,33.65,5087336
04/26/11,33.28,33.35,32.91,33.13,7749673
04/25/11,33.58,33.72,33.14,33.23,5236373
04/21/11,33.69,33.76,33.38,33.48,6779523
04/20/11,33.48,34,33.3,33.69,9636501
04/19/11,33.85,34.02,33.58,33.65,4723262
04/18/11,34.07,34.14,33.29,33.85,5448961
04/15/11,34.41,34.73,34.24,34.51,6120824
04/14/11,33.9,34.52,33.83,34.33,4628645
04/13/11,34.3,34.44,33.79,34.21,5075801
04/12/11,34.21,34.29,33.87,34.09,4631658
04/11/11,34.2,34.71,34.19,34.38,6796890
04/08/11,34.62,34.68,33.95,34.15,4721396
04/07/11,34.11,34.59,34.08,34.48,5318971
04/06/11,34.44,34.55,33.81,34.24,5306415
04/05/11,34.2,34.42,34.06,34.18,5494497
04/04/11,34.26,34.58,34.23,34.37,5499999
04/01/11,33.53,34.64,33.34,34.16,10489649
03/31/11,32.88,33.3,32.8,33.16,7720000
03/30/11,32.79,33.06,32.72,32.95,7082503
03/29/11,32.45,32.88,32.27,32.62,8032259
03/28/11,32.81,32.81,32.33,32.43,5639381
03/25/11,32.81,32.92,32.49,32.64,8997292
03/24/11,31.73,32.71,31.73,32.59,11754133
03/23/11,32.61,32.72,30.76,31.68,17690037
03/22/11,32.34,33.04,32.28,32.88,11327983
03/21/11,32.31,32.85,32.11,32.34,5670899
03/18/11,32.11,32.4,31.93,31.99,6921512
03/17/11,32.57,32.57,31.53,31.84,9127154
03/16/11,32.68,32.8,31.79,32.09,8151038
03/15/11,32.45,33.24,32.16,33.04,6683450
03/14/11,34.22,34.45,33.52,34.08,5577100
03/11/11,34.7,34.87,33.96,34.61,5058804
03/10/11,34.68,35.16,34.15,34.86,5266621
03/09/11,35.17,35.63,35.02,35.13,3435767
03/08/11,34.8,35.66,34.44,35.29,3783749
03/07/11,35.45,35.6,34.25,34.72,5003508
03/04/11,34.94,35.5,34.7,35.27,4005847
03/03/11,34.82,35.35,34.8,35.05,3148571
03/02/11,33.94,34.82,33.91,34.48,4561947
03/01/11,34.73,34.79,33.67,33.97,5908464
02/28/11,34.68,35,34.16,34.5,4936863
02/25/11,34.15,34.94,34.14,34.63,5620212
02/24/11,33.35,33.63,32.94,33.45,3965432
02/23/11,33.7,33.74,32.93,33.38,4734079
02/22/11,34.93,35.13,33.72,33.74,6550011
02/18/11,35.1,35.84,35,35.39,6779647
02/17/11,34.48,35.1,34.42,34.98,4395653
02/16/11,34,35.18,33.9,34.69,7727835
02/15/11,33.68,34,33.47,33.94,3145515
02/14/11,33.7,34,33.6,33.86,2746276
02/11/11,33.42,33.68,33.1,33.67,3113413
02/10/11,32.86,33.57,32.76,33.57,4010704
02/09/11,33.47,33.49,32.72,33.01,4327505
02/08/11,33.63,33.65,33.2,33.57,2074837
02/07/11,33.48,33.69,33.35,33.56,3679371
02/04/11,33.57,33.72,33.17,33.36,6536765
02/03/11,33.27,33.6,32.98,33.53,3043721
02/02/11,33.29,33.98,33.29,33.43,3046011
02/01/11,33.25,33.86,33.22,33.51,4737914
01/31/11,32.6,33.12,32.57,33.05,5390507
01/28/11,33.93,33.99,32.34,32.49,6506673
01/27/11,33.48,34,33.44,33.85,4679381
01/26/11,33.36,33.89,33.34,33.52,5913463
01/25/11,32.98,33.71,32.98,33.56,8191581
01/24/11,33.36,34.13,33.28,34.03,7389478
01/21/11,33.79,33.92,33.19,33.27,5715159
01/20/11,33.66,33.75,32.68,33.49,8531753
01/19/11,34.12,34.25,33.64,33.91,5899536
01/18/11,33.55,34.3,33.54,34.18,5722036
01/14/11,33.41,33.92,33.32,33.79,5767554
01/13/11,33.58,33.72,33.07,33.38,7594736
01/12/11,33.14,33.74,33.06,33.57,7319028
01/11/11,33.13,33.26,32.66,32.98,7110579
01/10/11,32.3,33.1,31.95,32.96,10378294
01/07/11,32.18,32.22,31.5,32.04,6828460
01/06/11,32.13,32.3,31.88,32.27,6231785
01/05/11,31.48,32.24,31.42,32.22,7143420
01/04/11,31.28,31.65,31.18,31.51,8038043
01/03/11,30.83,31.48,30.79,31.29,6245582
12/31/10,30.52,30.8,30.42,30.78,2841271
12/30/10,30.92,31.1,30.57,30.57,3435473
12/29/10,30.93,31.12,30.84,30.97,2662582
12/28/10,31.12,31.17,30.69,30.92,3748349
12/27/10,30.7,31.04,30.62,30.95,2920550
12/23/10,30.54,30.88,30.54,30.85,3027574
12/22/10,30.85,30.89,30.3,30.65,6343427
12/21/10,30.98,31.15,30.28,30.93,23470219
12/20/10,29.01,29.42,28.98,29.18,11973511
12/17/10,28.57,28.96,28.38,28.79,11646333
12/16/10,27.81,28.52,27.51,28.52,7665648
12/15/10,28.06,28.43,27.68,27.72,6462440
12/14/10,27.86,28.18,27.67,28.15,6546737
12/13/10,28.58,28.69,27.8,27.81,8841404
12/10/10,28.63,28.81,28.38,28.71,5346091
12/09/10,29.43,29.49,28.48,28.6,10399194
12/08/10,29.03,29.28,29,29.21,4880334
12/07/10,29.5,29.55,28.89,29.02,7598650
12/06/10,29.02,29.42,28.86,29.23,6061466
12/03/10,28.91,29.28,28.91,29.14,4868218
12/02/10,28.48,29.13,28.36,29.1,5771693
12/01/10,28.15,28.58,28.13,28.37,6308943
11/30/10,27.97,28.13,27.66,27.8,5832228
11/29/10,28.4,28.67,27.98,28.36,4553642
11/26/10,28.12,28.79,27.98,28.72,2658772
11/24/10,28.32,28.77,28.25,28.4,7025558
11/23/10,28.8,28.8,27.49,28.19,14186030
11/22/10,28.72,29.23,28.55,29.18,4450150
11/19/10,28.66,29.2,28.62,28.86,6047722
11/18/10,29.26,29.47,28.68,28.68,6761449
11/17/10,28.97,29.28,28.66,28.9,6688119
11/16/10,29.23,29.49,28.88,29.02,7979925
11/15/10,29.57,29.82,29.4,29.51,5192104
11/12/10,29.69,29.85,29.15,29.54,8463066
11/11/10,29.37,29.95,29.18,29.94,6408507
11/10/10,29.54,29.9,29.35,29.79,6359329
11/09/10,29.4,29.85,29.34,29.49,6308103
11/08/10,29,29.35,28.88,29.29,5143509
11/05/10,29.43,29.71,29.07,29.14,7585301
11/04/10,29.11,29.49,29.07,29.46,6191466
11/03/10,29.02,29.09,28.52,28.8,6424214
11/02/10,28.38,29.15,28.2,29.02,9646244
11/01/10,28.29,28.48,28,28.22,5394694
10/29/10,28.16,28.36,28.03,28.15,6212301
10/28/10,28.27,28.3,27.95,28.1,9751286
10/27/10,27.95,28.23,27.8,28.17,10823474
10/26/10,28.04,28.77,27.95,28.14,12551782
10/25/10,28.2,28.4,27.85,28.2,13727966
10/22/10,27.75,28.25,27.58,28.21,6902017
10/21/10,28.32,28.35,27.26,27.7,9223298
10/20/10,27.71,28.4,27.46,28.21,9200865
10/19/10,27.68,27.94,27.32,27.58,9833023
10/18/10,27.8,28.19,27.48,28.06,8073851
10/15/10,27.62,28.35,27.3,28.08,20403935
10/14/10,27.85,28,27.2,27.49,7436456
10/13/10,27.78,28,27.53,27.71,9442811
10/12/10,27.23,27.78,27.02,27.66,10275188
10/11/10,27.05,27.49,26.99,27.25,10460183
10/08/10,27.52,27.65,26.86,26.99,44108746
10/07/10,25.8,30,25.45,28.69,66892685
10/06/10,26,26.1,25.5,25.73,12638123
10/05/10,25.79,26,25.66,25.77,14813926
10/04/10,26.14,26.4,25.56,25.6,12822429
10/01/10,26.31,26.49,26.15,26.27,8924314
09/30/10,26.25,26.32,25.7,26.15,17409066
09/29/10,26.27,26.34,26,26.04,14196169
09/28/10,26.91,26.92,26.13,26.28,25310914
09/27/10,26.88,27.08,26.63,26.88,11297212
09/24/10,26.68,26.92,26.42,26.88,23952024
09/23/10,26.58,26.84,26.29,26.41,31778731
09/22/10,25.89,26.85,25.81,26.67,108752319
09/21/10,33.66,33.68,32.84,32.94,25371641
09/20/10,33.34,33.5,32.88,33.11,8440496
09/17/10,33.13,33.38,32.67,32.78,11075363
09/16/10,32.76,33.13,32.62,32.85,6240637
09/15/10,32.26,32.77,32.14,32.76,4407460
09/14/10,32.08,32.87,32.08,32.48,6015801
09/13/10,32.29,32.55,31.96,32.24,6417108
09/10/10,32.56,32.64,31.86,32.2,15942996
09/09/10,31.9,33.23,31.3,32.86,38740414
09/08/10,29.32,29.62,29.23,29.31,5205537
09/07/10,29.48,29.57,29.1,29.17,4154080
09/03/10,29.66,29.91,29.25,29.49,6035562
09/02/10,29,29.42,28.86,29.42,6125513
09/01/10,28.14,28.9,27.89,28.85,6116978
08/31/10,27.73,27.97,27.5,27.7,8491056
08/30/10,27.79,28.1,27.63,27.79,4870290
08/27/10,27.48,28.06,27.02,27.98,7342340
08/26/10,27.65,27.78,27.12,27.38,12818113
08/25/10,27.59,27.8,27.42,27.48,12705954
08/24/10,27.56,28.06,27.29,27.93,7822497
08/23/10,28.09,28.38,27.63,27.82,4413602
08/20/10,27.74,28.04,27.41,27.92,5253769
08/19/10,27.87,28.14,27.27,27.69,5126645
08/18/10,27.79,28.27,27.49,28.1,4006368
08/17/10,27.5,28.07,27.42,27.96,6818303
08/16/10,27.82,27.84,27.21,27.36,6334477
08/13/10,27.92,28.34,27.86,28.01,6625473
08/12/10,27.8,28.33,27.76,28.08,7693953
08/11/10,28.83,28.85,28.23,28.25,7505872
08/10/10,29.23,29.41,28.76,29.17,4063191
08/09/10,29.4,29.54,29.12,29.52,3483321
08/06/10,29.06,29.42,28.73,29.23,5149179
08/05/10,29.41,29.64,29.24,29.44,4612520
08/04/10,29.14,29.75,29.06,29.7,6700517
08/03/10,29.48,29.49,28.93,29.12,5651836
08/02/10,29.11,29.76,28.9,29.6,5584610
07/30/10,28.4,28.84,28.11,28.72,4531420
07/29/10,28.75,29.1,28.38,28.7,5320208
07/28/10,29.11,29.37,28.59,28.69,4451641
07/27/10,29.2,29.39,28.83,29.22,5175310
07/26/10,29.15,29.28,28.8,29.17,5061731
07/23/10,28.6,29.35,28.54,29.23,7703178
07/22/10,27.91,28.74,27.8,28.58,6138482
07/21/10,27.94,28.28,27.52,27.67,8322368
07/20/10,27.18,27.87,26.94,27.87,5690561
07/19/10,27.5,27.8,27.29,27.67,5151880
07/16/10,28.27,28.29,27.21,27.39,7254178
07/15/10,27.94,28.3,27.72,28.22,4838432
07/14/10,28.17,28.42,27.67,28.03,9457100
07/13/10,27.35,28.43,27.24,28.11,13577869
07/12/10,27.27,27.61,26.94,27.09,7012665
07/09/10,26.86,27.24,26.71,27.2,5316975
07/08/10,26.96,27.05,26.42,26.85,8851981
07/07/10,26.34,26.85,26.2,26.79,11753564
07/06/10,27.18,27.37,26.04,26.34,13509223
07/02/10,26.69,26.99,26.33,26.73,10420356
07/01/10,26.52,26.88,26.01,26.66,15728459
06/30/10,26.82,27.2,26.32,26.43,17468829
06/29/10,28.37,28.37,26.76,26.9,22063640
06/28/10,29.85,30.09,28.71,28.72,14512688
06/25/10,30.43,30.57,29.69,29.85,15030725
06/24/10,30.36,30.81,30.1,30.26,20289668
06/23/10,32.35,32.42,30.18,30.38,35851764
06/22/10,33.34,33.77,32.68,32.76,9593522
06/21/10,33.77,33.96,32.93,33.13,5762748
06/18/10,33.12,34,33.04,33.52,9513923
06/17/10,32.62,33.22,32.6,33.12,7250689
06/16/10,32.38,32.59,32.22,32.44,4614406
06/15/10,31.89,32.62,31.78,32.51,5930118
06/14/10,32,32.38,31.64,31.7,5240039
06/11/10,31.21,31.84,31.16,31.73,7233177
06/10/10,31.34,31.76,30.83,31.72,5666734
06/09/10,31.14,31.52,30.63,30.73,5810256
06/08/10,31.15,31.26,30.6,31,7767751
06/07/10,31.7,31.74,30.94,31.06,8385497
06/04/10,32.15,32.47,31.49,31.59,8507492
06/03/10,32.92,33.16,32.65,32.9,8847417
06/02/10,32.27,32.97,31.79,32.94,7213630
06/01/10,32.36,33.04,32.1,32.13,9744337
05/28/10,32.19,32.42,31.69,32.08,8778889
05/27/10,31.43,32.21,31.39,32.2,7496394
05/26/10,31.65,31.72,30.8,30.94,8820591
05/25/10,30.75,31.56,30.48,31.55,6368703
05/24/10,31.82,32.17,31.61,31.63,6543793
05/21/10,31.15,32.33,30.97,32.18,7758161
05/20/10,32.2,32.55,31.62,31.74,8094375
05/19/10,33.22,33.66,32.53,32.88,6098124
05/18/10,33.72,34.31,33.04,33.28,6209017
05/17/10,33.98,34.22,33.18,33.81,6235260
05/14/10,34.24,34.4,33.26,33.72,7082023
05/13/10,34.79,35.4,34.36,34.41,4957902
05/12/10,34.12,34.93,34.06,34.8,7973828
05/11/10,33.95,34.38,33.7,33.8,6929256
05/10/10,32.75,34.29,32.75,34.28,11416651
05/07/10,32.76,32.96,31.68,32.42,14897213
05/06/10,32.8,33.74,30.24,32.49,14650308
05/05/10,32.68,33.58,32.54,32.96,12226121
05/04/10,33.12,33.17,32.22,33.14,11029965
05/03/10,33.68,33.96,33.4,33.59,8865151
04/30/10,34.97,34.99,33.56,33.6,12735726
04/29/10,35.27,35.56,34.54,34.96,10958301
04/28/10,35.48,35.61,35.05,35.47,5290093
04/27/10,35.91,36,35.19,35.34,6938684
04/26/10,36.21,36.35,35.99,36.15,5610454
04/23/10,35.84,36.29,35.72,36.25,6528508
04/22/10,35.41,36.02,35,35.97,11649929
04/21/10,34.8,35.09,34.79,34.92,6896160
04/20/10,34.19,35.14,34.1,34.93,8631909
04/19/10,33.81,34.2,33.32,33.82,6817180
04/16/10,34.54,34.58,33.53,34,12718951
04/15/10,35.09,35.1,34.17,34.39,9548432
04/14/10,34.63,35.04,34.57,35.02,5037655
04/13/10,34.86,35.09,34.51,34.75,5825662
04/12/10,35.42,35.54,34.91,35.02,5690518
04/09/10,34.57,35.47,34.44,35.47,7205458
04/08/10,35.03,35.08,34.63,34.94,5726753
04/07/10,35.56,35.64,34.95,35.06,6632078
04/06/10,35.56,35.93,35.55,35.7,4211395
04/05/10,35.68,36.07,35.66,35.99,5267022
03/31/10,35.62,35.7,35.27,35.37,4436693
03/30/10,35.78,35.9,35.29,35.68,3469775
03/29/10,35.6,36.01,35.6,35.74,5055650
03/26/10,35.85,36.1,35.25,35.51,6049170
03/25/10,36.66,36.79,35.86,35.87,6566504
03/24/10,37.12,37.3,36.48,36.51,16779260
03/23/10,35.26,35.42,34.69,35.22,8504413
03/22/10,34.61,35.06,34.6,34.95,4896018
03/19/10,35.86,35.95,34.5,34.67,16351194
03/18/10,35.72,35.95,35.56,35.75,4226949
03/17/10,35.61,36.08,35.45,35.49,8350734
03/16/10,35.46,35.68,34.93,35.02,5819252
03/15/10,35.15,35.56,35,35.49,3933080
03/12/10,35.22,35.27,35.11,35.16,6262320
03/11/10,35.07,35.27,35,35.22,4371480
03/10/10,35.27,35.35,35.04,35.15,5969702
03/09/10,35.06,35.62,35.04,35.12,5486122
03/08/10,35.12,35.4,35.02,35.06,3850084
03/05/10,35.08,35.44,34.93,35.16,8381817
03/04/10,34.86,35.09,34.58,34.94,4441064
03/03/10,34.87,35.15,34.61,34.82,4098896
03/02/10,34.68,35.1,34.64,34.74,5603348
03/01/10,34.63,35,34.53,34.89,4964943
02/26/10,34.55,34.7,34.06,34.65,4792576
02/25/10,33.8,34.59,33.54,34.56,7735478
02/24/10,33.63,34.63,33.56,34.55,9545142
02/23/10,33.68,33.82,33.2,33.44,7905988
02/22/10,34.21,34.21,33.51,33.7,6119722
02/19/10,33.8,34.16,33.56,33.88,12323988
02/18/10,32.47,33.33,32.47,33.24,9614659
02/17/10,32.16,32.43,31.96,32.33,9213968
02/16/10,31.5,31.87,31.28,31.81,9113717
02/12/10,32.25,32.28,31.28,31.45,21221535
02/11/10,32.6,33.16,32.28,32.64,10125393
02/10/10,33.45,33.55,32.57,32.76,9591999
02/09/10,32.6,32.66,31.91,32.31,8047643
02/08/10,32.77,32.79,32.02,32.05,8615513
02/05/10,32.43,32.8,31.85,32.77,11881405
02/04/10,32.88,32.96,32.2,32.24,9450209
02/03/10,32.85,33.43,32.54,32.98,6731911
02/02/10,32.54,33.13,32.31,32.98,5735692
02/01/10,32.39,32.54,32.06,32.48,8705489
01/29/10,32.95,33.24,32.17,32.3,8377801
01/28/10,33.29,33.66,32.48,32.89,6417751
01/27/10,33.68,33.68,32.65,33.14,9897033
01/26/10,33.81,34.29,33.62,33.94,5356277
01/25/10,34.63,34.98,33.97,34.16,6961426
01/22/10,35.62,35.82,34.35,34.38,7721292
01/21/10,36.49,36.65,35.46,35.82,7404665
01/20/10,36.37,36.51,35.62,36.49,6258410
01/19/10,35.87,37.02,35.81,36.95,5964058
01/15/10,35.92,36.21,35.47,35.87,6732290
01/14/10,36.13,36.51,35.79,35.9,4536191
01/13/10,35.83,36.36,35.6,36.28,3660011
01/12/10,36.14,36.14,35.38,35.66,5073882
01/11/10,36.68,36.77,35.95,36.21,4901418
01/08/10,36.75,36.97,36.34,36.69,5429158
01/07/10,37.41,37.59,36.81,36.89,5576649
01/06/10,37.33,37.74,37.2,37.62,5336345
01/05/10,37.04,37.8,36.87,37.7,7108727
01/04/10,36.65,37.3,36.65,37.09,4710112
12/31/09,37.17,37.21,36.7,36.78,2900369
12/30/09,37.03,37.5,37.03,37.18,2124034
12/29/09,37.14,37.34,36.97,37.21,3093198
12/28/09,37.18,37.42,36.97,37.19,2573464
12/24/09,36.95,37.17,36.81,37.17,1349993
12/23/09,37.37,37.37,36.86,36.93,5559504
12/22/09,37.35,37.5,37.2,37.34,3192196
12/21/09,37.38,37.68,37.04,37.28,5031815
12/18/09,37.25,37.47,37.02,37.34,9334728
12/17/09,37.46,37.52,36.99,37.01,6562790
12/16/09,36.87,38.2,36.87,37.86,15619499
12/15/09,35.58,36.66,35.5,36.36,8022826
12/14/09,35.78,35.84,35.31,35.78,5447001
12/11/09,35.9,35.98,35.15,35.38,4389302
12/10/09,35.81,36.15,35.63,35.8,3884417
12/09/09,35.85,36,35.26,35.85,4421408
12/08/09,36.03,36.27,35.58,36.08,3863169
12/07/09,36.46,36.84,36.2,36.37,3119497
12/04/09,36.38,36.94,35.98,36.5,4433199
12/03/09,36.42,36.84,36,36,3681220
12/02/09,36.53,36.91,36.36,36.5,3645646
12/01/09,35.46,36.52,35.27,36.4,5428856
11/30/09,35.25,35.44,34.54,35.08,5074995
11/27/09,35.01,35.66,34.63,35.38,2049561
11/25/09,36.07,36.33,35.9,36.17,2504424
11/24/09,36.14,36.44,35.84,35.95,3790770
11/23/09,36.05,36.68,35.98,36.44,3085494
11/20/09,35.72,36.07,35.49,35.81,3344414
11/19/09,36.25,36.48,35.5,36.11,3754448
11/18/09,36.59,36.78,36,36.59,3998448
11/17/09,36.56,36.95,36.44,36.9,3283277
11/16/09,36.51,37.15,36.11,36.81,5263132
11/13/09,35.69,36.6,35.69,36.51,4989655
11/12/09,35.82,36.11,35.41,35.61,5872889
11/11/09,35.96,36.03,34.46,35.92,13794563
11/10/09,36.56,36.75,36.35,36.6,5079410
11/09/09,35.88,36.58,35.41,36.45,8883112
11/06/09,34.59,35.19,34.38,34.65,3693843
11/05/09,33.98,34.92,33.98,34.7,4164210
11/04/09,33.3,34.52,32.95,33.86,7883316
11/03/09,32.72,33.08,32.37,33.01,6516748
11/02/09,32.8,33.1,32.37,32.87,4808944
10/30/09,33.4,33.87,32.86,32.94,5811943
10/29/09,33.11,33.68,32.7,33.54,6716675
10/28/09,33.72,33.79,32.7,32.83,6169082
10/27/09,34.54,34.91,33.79,33.95,4267245
10/26/09,34.64,35.39,34.3,34.45,4379697
10/23/09,35.14,35.57,34.56,34.78,3678044
10/22/09,34.53,35.28,34.01,35.17,4913382
10/21/09,35.35,35.69,34.74,34.81,5022665
10/20/09,35.52,35.6,34.99,35.41,4357787
10/19/09,35.76,35.93,35.49,35.65,4116450
10/16/09,35.48,35.95,35.35,35.67,6909669
10/15/09,35.08,35.85,35.07,35.75,8063569
10/14/09,34.87,35.52,34.81,35.43,6908127
10/13/09,34.25,34.71,34.16,34.62,4565570
10/12/09,34.67,34.88,34.15,34.36,3597664
10/09/09,34.08,34.77,33.98,34.64,3708631
10/08/09,33.74,34.6,33.7,34.33,8629375
10/07/09,33.74,33.74,33.06,33.26,4172343
10/06/09,32.79,33.75,32.63,33.51,7117506
10/05/09,32.37,32.72,32.12,32.55,4892058
10/02/09,31.59,32.54,31.59,32.35,5922931
10/01/09,32.66,32.78,31.96,32.18,7257999
09/30/09,32.76,33.22,32.12,33.04,6633295
09/29/09,32.88,33.22,32.53,32.68,5013040
09/28/09,32.2,33.26,32.12,32.93,5849270
09/25/09,32.11,32.41,31.89,32.03,4516614
09/24/09,32.7,32.86,32.07,32.32,5948449
09/23/09,33.03,33.33,32.68,32.71,6942945
09/22/09,33.07,33.31,32.98,33.11,4369307
09/21/09,32.75,33.65,32.75,32.85,5879766
09/18/09,33.05,33.43,32.7,32.95,10512412
09/17/09,33.55,33.59,32.72,32.84,13828532
09/16/09,33.58,33.85,33.01,33.35,28912253
09/15/09,35.29,35.78,34.8,35.62,10762496
09/14/09,34.44,35.29,34.28,35.19,8246883
09/11/09,34.11,34.98,34.05,34.65,7586209
09/10/09,32.74,34.13,32.51,34.02,10199943
09/09/09,32.25,32.92,32.12,32.8,5852148
09/08/09,32.48,32.56,32.14,32.51,5160662
09/04/09,31.63,32.1,31.43,32.05,4110799
09/03/09,31,31.52,30.7,31.49,4344039
09/02/09,31.14,31.27,30.73,31,5233071
09/01/09,31.27,32.08,30.89,31.1,7670041
08/31/09,31.58,31.81,31.1,31.42,7132193
08/28/09,32.72,32.98,31.31,31.73,7114803
08/27/09,32.35,32.56,31.72,32.46,5171398
08/26/09,32.52,32.76,32.15,32.51,4054777
08/25/09,32.67,32.97,32.33,32.67,3861373
08/24/09,32.85,33.23,32.52,32.73,4737163
08/21/09,32.44,32.93,32,32.84,5108676
08/20/09,31.83,32.19,31.48,32.1,4675990
08/19/09,31.45,31.88,31.17,31.72,5001122
08/18/09,31.28,31.92,31.1,31.72,4925671
08/17/09,31.72,31.9,31.12,31.21,5501113
08/14/09,33.21,33.29,31.86,32.27,8012566
08/13/09,33.32,33.47,32.76,33.43,6055151
08/12/09,31.87,33.32,31.84,33.04,6236615
08/11/09,32.56,32.6,31.79,31.92,6554377
08/10/09,32.8,33.49,32.65,32.82,4476211
08/07/09,33.01,33.46,32.79,33.22,5213774
08/06/09,32.01,32.54,31.87,32.42,6419896
08/05/09,33.12,33.12,31.48,32.01,10117447
08/04/09,32.6,33.26,32.56,33,4677406
08/03/09,32.61,33,32.42,32.68,4723737
07/31/09,32.38,32.86,32.28,32.42,4226269
07/30/09,32.54,33.34,32.17,32.28,5653980
07/29/09,32.18,32.29,31.7,32.06,4935813
07/28/09,32.45,32.91,32.04,32.33,7579894
07/27/09,32.56,32.9,32.21,32.61,5254716
07/24/09,31.83,32.69,31.67,32.63,5921443
07/23/09,31.21,32.33,31.13,32.31,7242301
07/22/09,31.04,31.48,31,31.34,5624695
07/21/09,31.03,31.35,30.84,31.26,6274355
07/20/09,30.74,31.35,30.62,31.21,6790661
07/17/09,30.9,31.06,30.39,31.02,6301221
07/16/09,29.67,30.94,29.54,30.87,9327758
07/15/09,29.18,29.91,29,29.85,11216479
07/14/09,28.09,28.45,27.93,28.3,8136782
07/13/09,27.56,28.45,26.9,28.37,8030664
07/10/09,27.14,27.73,27.07,27.58,6069704
07/09/09,26.72,27.58,26.53,27.42,8077951
07/08/09,26.63,26.63,26.08,26.47,10199063
07/07/09,27.02,27.21,26.3,26.34,6454709
07/06/09,27.1,27.42,26.81,27.16,7269345
07/02/09,28.11,28.47,27.58,27.64,4254443
07/01/09,28.38,29.19,28.38,28.66,5557286
06/30/09,28.76,28.79,27.94,28.3,6104720
06/29/09,28.13,28.76,28.05,28.62,4468261
06/26/09,27.5,28.31,27.48,28,6420194
06/25/09,27.87,28.64,27.41,28.52,6417099
06/24/09,27.59,28.38,27.5,27.74,7141319
06/23/09,27.55,27.84,27.2,27.71,8013797
06/22/09,28.56,28.78,27.31,27.31,12028131
06/19/09,28.99,29.44,28.94,29.33,9214751
06/18/09,28.95,28.95,28.2,28.72,7367959
06/17/09,28.27,29,28,28.68,12654165
06/16/09,29.07,29.13,28.13,28.17,9998686
06/15/09,29.99,29.99,28.54,28.82,11229711
06/12/09,30.6,30.67,29.61,30.15,5478513
06/11/09,30.36,31,30.1,30.4,7257741
06/10/09,29.88,30.43,29.63,30.17,8515301
06/09/09,29.4,29.97,29.15,29.77,5290838
06/08/09,29.78,29.9,28.85,29.17,6755613
06/05/09,29.45,30.34,28.79,29.98,8839234
06/04/09,28.71,29.55,28.68,29.44,7161676
06/03/09,29.05,29.49,28.3,29.06,8572649
06/02/09,29.17,29.75,29.08,29.59,7365368
06/01/09,28.3,29.5,28.3,29.36,6602646
05/29/09,27.49,28.19,27.02,28.18,6950221
05/28/09,27.25,27.64,26.57,27.54,7651000
05/27/09,27.67,28.07,27.15,27.25,5013697
05/26/09,26.31,27.95,26.1,27.89,6088119
05/22/09,26,27.04,26,26.48,4959372
05/21/09,25.9,26.15,25.7,26.07,6320687
05/20/09,26.69,27.32,26.31,26.39,5324258
05/19/09,26.25,26.81,26.01,26.56,3509486
05/18/09,25.94,26.52,25.7,26.48,4461668
05/15/09,25.97,26.35,25.52,25.92,4806492
05/14/09,25.2,26.15,25.2,25.93,6720989
05/13/09,25.99,26.03,25.12,25.17,7918476
05/12/09,26.32,26.34,25.67,25.99,5077853
05/11/09,24.85,26.36,24.78,26.15,7683746
05/08/09,26.06,26.53,25.21,25.42,7673969
05/07/09,26.58,26.64,25.38,25.63,7950045
05/06/09,26.89,27.04,25.66,26.35,9995779
05/05/09,26.74,26.91,26.2,26.89,8157398
05/04/09,26.59,26.75,25.88,26.69,14574268
05/01/09,27.08,28,27.02,27.46,9135190
04/30/09,27.1,27.71,26.73,27.35,9143922
04/29/09,25.99,26.84,25.59,26.75,9035926
04/28/09,25.7,25.95,25.25,25.7,8099823
04/27/09,25.92,26.65,25.7,26.14,9240325
04/24/09,24.51,26.49,24.45,26.42,13798582
04/23/09,23.86,24.49,23.54,24.48,8006472
04/22/09,23.21,24.74,23.21,24.16,7045117
04/21/09,23.35,24.13,23.25,23.75,7442989
04/20/09,24.43,24.43,23.33,23.46,6963546
04/17/09,24.6,24.87,24.05,24.7,7899470
04/16/09,24.14,24.59,23.44,24.38,9290956
04/15/09,23.77,23.92,23.12,23.64,6980438
04/14/09,24.38,24.49,23.84,24.01,6544931
04/13/09,24.6,24.89,24.22,24.72,5581745
04/09/09,24.48,24.97,24.28,24.87,8501755
04/08/09,23.81,24.17,23.47,23.92,5991300
04/07/09,23.61,23.66,22.76,22.96,9809887
04/06/09,23.85,24,22.78,23.19,8072352
04/03/09,23.25,24.26,23.25,24.16,8229222
04/02/09,22.79,23.84,22.61,23.28,11062079
04/01/09,20.93,22.18,20.79,21.96,7286913
03/31/09,20.93,21.87,20.83,21.39,8531166
03/30/09,21.33,21.48,20.39,20.82,9617480
03/27/09,22.56,22.7,21.81,21.84,6427559
03/26/09,22.18,23,22.18,22.94,9777725
03/25/09,22,22.44,21.5,22.1,10773904
03/24/09,22.59,22.59,21.72,21.86,9501767
03/23/09,21.2,22.69,21.01,22.69,13186715
03/20/09,21.01,21.79,20.39,20.46,10267231
03/19/09,21.84,22.58,20.89,21.24,13667075
03/18/09,19.41,22.09,19.34,21.35,20855090
03/17/09,18.62,19.15,18.16,19.13,9286049
03/16/09,18.69,19,18.34,18.45,11900546
03/13/09,19.24,19.31,18.33,18.68,11490907
03/12/09,18.47,19.51,18.28,19.43,9734815
03/11/09,18.18,18.85,18.03,18.63,8678113
03/10/09,17.19,18.54,17.11,18.52,11747955
03/09/09,17.03,17.59,16.72,16.78,9298775
03/06/09,17.16,17.43,16.75,17.16,10509587
03/05/09,18.16,18.19,16.31,16.92,26498216
03/04/09,16.16,16.61,15.9,16.32,8999029
03/03/09,16.15,16.48,15.87,15.98,12539454
03/02/09,16.49,16.66,15.97,16.04,13129775
02/27/09,15.71,17.18,15.7,16.7,15832323
02/26/09,17.47,17.67,16.65,16.7,15043984
02/25/09,17.54,17.92,17.15,17.64,12999901
02/24/09,17.31,18.33,17.22,18.17,12866486
02/23/09,18.09,18.09,16.9,17.09,14266179
02/20/09,18.98,19.15,17.7,18.04,21630169
02/19/09,20.46,20.5,19.48,19.54,10428823
02/18/09,20.33,20.69,20.07,20.39,7409892
02/17/09,20.08,20.69,19.8,20.4,9782624
02/13/09,20.96,21.37,20.85,21.1,8147376
02/12/09,19.95,21.26,19.78,21.22,12830934
02/11/09,20.43,20.86,19.9,20.31,7637811
02/10/09,21.32,21.42,20.28,20.48,10924426
02/09/09,22,22.01,21.1,21.42,7246414
02/06/09,20.93,21.8,20.81,21.7,9851821
02/05/09,19.64,21.04,19.44,20.91,11326822
02/04/09,19.62,20.35,19.53,19.88,9636926
02/03/09,19.69,19.76,19.13,19.7,7938627
02/02/09,19.41,19.7,18.96,19.58,8305434
01/30/09,20.26,20.33,19.21,19.31,8970665
01/29/09,20.6,20.91,19.61,20.05,7695034
01/28/09,20.71,21.2,20.34,20.89,7158689
01/27/09,19.74,20.38,19.53,20.11,6385451
01/26/09,19.95,20.44,19.67,19.93,6139541
01/23/09,19,20.1,18.7,19.7,10483759
01/22/09,19.84,20.25,19.06,19.32,13904203
01/21/09,19.88,20.97,19.74,20.96,9536907
01/20/09,21.1,21.1,19.34,19.39,8847055
01/16/09,21.11,21.53,20.47,21.06,8056222
01/15/09,21.04,21.3,20.45,20.83,10008521
01/14/09,22.09,22.16,20.95,21.11,8298015
01/13/09,22.97,23.22,21.75,22.1,14001299
01/12/09,24.07,24.35,23.6,23.76,7057256
01/09/09,23.99,24.5,23.42,24.01,6928274
01/08/09,24.01,24.38,23.63,24.29,6207342
01/07/09,23.57,24.81,23.51,24.23,12785603
01/06/09,23.07,24.45,23.07,24.22,7032433
01/05/09,22.52,23.31,22.5,23.13,7385533
01/02/09,21.11,23.1,21.07,23.02,6673430
